portfolio_value,step,type
100000.0,0,train
100616.375,1,train
101014.5234375,2,train
101287.109375,3,train
101145.9765625,4,train
99766.0859375,5,train
98633.0546875,6,train
98917.921875,7,train
99862.9140625,8,train
97846.9296875,9,train
96761.7734375,10,train
97181.9453125,11,train
97735.953125,12,train
98875.234375,13,train
98819.109375,14,train
99141.4375,15,train
99536.6875,16,train
99242.265625,17,train
100038.0390625,18,train
99742.8125,19,train
101217.5859375,20,train
101389.75,21,train
101327.640625,22,train
101038.25,23,train
100531.34375,24,train
100122.9609375,25,train
99047.796875,26,train
99546.0703125,27,train
99633.21875,28,train
99686.5,29,train
100360.125,30,train
100779.9609375,31,train
100449.09375,32,train
99359.1953125,33,train
99454.8125,34,train
99890.0625,35,train
99718.359375,36,train
100850.515625,37,train
101036.6171875,38,train
101200.8671875,39,train
101793.796875,40,train
101592.734375,41,train
101938.859375,42,train
102056.53125,43,train
101749.265625,44,train
101768.2265625,45,train
101914.625,46,train
102813.78125,47,train
103217.8671875,48,train
103500.328125,49,train
103823.1640625,50,train
103436.15625,51,train
102981.03125,52,train
103241.8828125,53,train
103396.3125,54,train
103511.0,55,train
104221.9921875,56,train
104328.609375,57,train
104664.8046875,58,train
104919.5078125,59,train
104127.4375,60,train
104725.96875,61,train
104399.8203125,62,train
104514.75,63,train
104377.6015625,64,train
105070.53125,65,train
105096.2265625,66,train
105602.171875,67,train
105714.453125,68,train
104867.109375,69,train
105302.65625,70,train
104770.234375,71,train
104841.046875,72,train
105591.21875,73,train
105862.5390625,74,train
106730.8203125,75,train
105686.1640625,76,train
106719.015625,77,train
106501.0546875,78,train
107267.8671875,79,train
107848.5,80,train
107766.390625,81,train
107327.703125,82,train
107467.0390625,83,train
106779.6796875,84,train
106645.0390625,85,train
104318.0859375,86,train
104057.203125,87,train
104462.703125,88,train
103348.8125,89,train
103732.265625,90,train
103324.3203125,91,train
104386.3515625,92,train
104512.5078125,93,train
104288.28125,94,train
105130.171875,95,train
105500.6171875,96,train
105429.09375,97,train
106428.6171875,98,train
107009.6171875,99,train
106932.8359375,100,train
107333.515625,101,train
107255.3203125,102,train
107659.4765625,103,train
107826.7421875,104,train
107889.6171875,105,train
107690.59375,106,train
108177.296875,107,train
107999.7890625,108,train
107695.875,109,train
107712.671875,110,train
108372.8828125,111,train
108070.796875,112,train
107362.4609375,113,train
108069.578125,114,train
108274.9609375,115,train
107959.703125,116,train
108302.6484375,117,train
108867.859375,118,train
109173.90625,119,train
109783.328125,120,train
110033.8359375,121,train
109457.9375,122,train
109155.390625,123,train
109829.546875,124,train
107716.640625,125,train
108434.328125,126,train
107988.03125,127,train
107714.3125,128,train
106267.90625,129,train
106290.3671875,130,train
107407.4765625,131,train
107418.3828125,132,train
105802.21875,133,train
107764.1171875,134,train
105675.671875,135,train
104773.4296875,136,train
103332.4140625,137,train
102855.796875,138,train
101806.7734375,139,train
100899.1640625,140,train
101965.78125,141,train
102845.171875,142,train
104638.2421875,143,train
104387.1640625,144,train
105686.875,145,train
106722.71875,146,train
106689.125,147,train
107982.734375,148,train
108185.0546875,149,train
108424.2109375,150,train
109954.8984375,151,train
109869.71875,152,train
109740.6953125,153,train
110104.59375,154,train
110615.0625,155,train
110691.4375,156,train
111087.8046875,157,train
111276.421875,158,train
110910.2734375,159,train
110884.578125,160,train
110941.3984375,161,train
110670.515625,162,train
110812.984375,163,train
110862.984375,164,train
111043.453125,165,train
111294.171875,166,train
111102.5390625,167,train
110737.1796875,168,train
111063.1015625,169,train
110348.6953125,170,train
110452.015625,171,train
111410.953125,172,train
111436.671875,173,train
111542.546875,174,train
111571.984375,175,train
110627.90625,176,train
110800.875,177,train
108832.359375,178,train
109175.3125,179,train
107114.75,180,train
106216.40625,181,train
104946.3203125,182,train
107088.40625,183,train
109928.484375,184,train
110721.8671875,185,train
111277.1953125,186,train
111569.71875,187,train
111288.8046875,188,train
111603.265625,189,train
111360.90625,190,train
111075.140625,191,train
109955.6640625,192,train
110042.34375,193,train
107785.4453125,194,train
106803.4765625,195,train
107780.8125,196,train
109811.140625,197,train
108791.140625,198,train
107599.546875,199,train
107456.328125,200,train
106615.2734375,201,train
105371.9140625,202,train
106661.578125,203,train
106747.90625,204,train
107278.640625,205,train
109348.4140625,206,train
108352.7578125,207,train
108613.3359375,208,train
105927.546875,209,train
104267.09375,210,train
105162.484375,211,train
103978.3984375,212,train
105530.1015625,213,train
107206.65625,214,train
106834.90625,215,train
108091.84375,216,train
108221.1796875,217,train
107972.2421875,218,train
109052.2265625,219,train
109393.4921875,220,train
110650.421875,221,train
111354.25,222,train
111381.7421875,223,train
110742.6953125,224,train
110298.703125,225,train
110761.9921875,226,train
110652.859375,227,train
111155.296875,228,train
111275.953125,229,train
111653.8359375,230,train
111117.21875,231,train
111756.78125,232,train
111349.5078125,233,train
110940.3359375,234,train
110782.9921875,235,train
109129.6171875,236,train
109610.578125,237,train
107694.109375,238,train
107382.578125,239,train
108236.546875,240,train
107763.1640625,241,train
109207.6640625,242,train
108847.75,243,train
110459.5,244,train
109543.921875,245,train
110427.59375,246,train
110666.6171875,247,train
109995.3984375,248,train
108571.375,249,train
108198.6640625,250,train
107929.8203125,251,train
109563.421875,252,train
108440.7578125,253,train
108198.8125,254,train
108213.921875,255,train
109104.8203125,256,train
109357.4453125,257,train
109114.1015625,258,train
109774.1875,259,train
110333.53125,260,train
110034.8671875,261,train
110478.6328125,262,train
111516.21875,263,train
111175.0390625,264,train
109968.6640625,265,train
111172.859375,266,train
110674.7109375,267,train
111299.796875,268,train
111667.25,269,train
113108.84375,270,train
112709.6171875,271,train
113097.671875,272,train
112914.109375,273,train
111653.4375,274,train
112381.65625,275,train
112688.484375,276,train
111609.265625,277,train
110773.421875,278,train
111196.453125,279,train
112899.1328125,280,train
112214.5234375,281,train
111832.2578125,282,train
111846.34375,283,train
113236.40625,284,train
113270.6875,285,train
113348.40625,286,train
113550.4296875,287,train
113465.5234375,288,train
113631.40625,289,train
113317.7109375,290,train
112068.171875,291,train
113031.734375,292,train
112981.25,293,train
112196.0625,294,train
112428.125,295,train
112249.8203125,296,train
112405.546875,297,train
111722.0390625,298,train
111611.0546875,299,train
111057.640625,300,train
111181.1875,301,train
112652.796875,302,train
112604.578125,303,train
111686.5390625,304,train
110962.2890625,305,train
111732.0390625,306,train
111828.0859375,307,train
112981.265625,308,train
112245.7578125,309,train
112860.609375,310,train
112904.953125,311,train
112231.2265625,312,train
111666.1328125,313,train
111536.6015625,314,train
109509.921875,315,train
109633.7421875,316,train
110240.640625,317,train
110116.53125,318,train
109714.234375,319,train
110202.984375,320,train
108659.765625,321,train
108874.5546875,322,train
110145.4375,323,train
111662.90625,324,train
112489.9375,325,train
112533.8359375,326,train
113449.7421875,327,train
115034.0625,328,train
115090.125,329,train
114964.5859375,330,train
114156.484375,331,train
113584.3515625,332,train
111996.734375,333,train
111097.15625,334,train
112538.21875,335,train
113444.515625,336,train
113082.6953125,337,train
111588.453125,338,train
110864.8125,339,train
110374.734375,340,train
110685.3984375,341,train
110275.3671875,342,train
109670.5546875,343,train
111293.0,344,train
110357.21875,345,train
110775.15625,346,train
110482.28125,347,train
110738.7578125,348,train
111050.1875,349,train
110711.7578125,350,train
109576.671875,351,train
107617.984375,352,train
103188.640625,353,train
99110.15625,354,train
97768.7265625,355,train
102612.9765625,356,train
105306.75,357,train
105188.9375,358,train
104623.4296875,359,train
101054.2734375,360,train
103067.421875,361,train
102849.453125,362,train
101105.21875,363,train
103517.421875,364,train
101855.8828125,365,train
102780.84375,366,train
103185.84375,367,train
102910.7890625,368,train
104528.5078125,369,train
105368.671875,370,train
105094.0078125,371,train
103169.125,372,train
103890.4140625,373,train
102860.234375,374,train
102751.265625,375,train
102957.71875,376,train
103041.6171875,377,train
100978.2109375,378,train
101054.515625,379,train
102541.875,380,train
102823.265625,381,train
104635.2890625,382,train
106363.6484375,383,train
106669.4296875,384,train
107408.5234375,385,train
107686.3125,386,train
107741.890625,387,train
107689.46875,388,train
107556.9296875,389,train
107211.8203125,390,train
109219.375,391,train
109892.484375,392,train
109729.03125,393,train
109409.5078125,394,train
108363.921875,395,train
110297.46875,396,train
113446.3046875,397,train
113160.28125,398,train
112930.65625,399,train
114662.046875,400,train
114539.34375,401,train
113624.9765625,402,train
115873.390625,403,train
116938.1796875,404,train
116636.375,405,train
116273.9765625,406,train
116870.2109375,407,train
115483.328125,408,train
115490.21875,409,train
115311.3984375,410,train
113533.28125,411,train
112132.828125,412,train
114175.9609375,413,train
113525.2265625,414,train
115379.4921875,415,train
114957.203125,416,train
114909.15625,417,train
114450.28125,418,train
115028.328125,419,train
114948.8515625,420,train
115064.671875,421,train
114928.9375,422,train
116513.140625,423,train
115077.8984375,424,train
113483.5859375,425,train
115961.8359375,426,train
114840.8203125,427,train
113806.6796875,428,train
113187.953125,429,train
113700.75,430,train
111603.890625,431,train
112707.9921875,432,train
114514.96875,433,train
115998.078125,434,train
114188.8828125,435,train
111827.875,436,train
112744.0859375,437,train
113468.2578125,438,train
115040.1484375,439,train
114552.0234375,440,train
114202.515625,441,train
115448.421875,442,train
114588.8203125,443,train
113394.453125,444,train
111751.3828125,445,train
111712.0859375,446,train
109973.328125,447,train
107223.859375,448,train
106099.03125,449,train
106125.84375,450,train
106971.7421875,451,train
104874.9921875,452,train
107441.640625,453,train
104939.015625,454,train
104812.46875,455,train
103342.59375,456,train
103670.15625,457,train
106421.515625,458,train
104400.2421875,459,train
106691.25,460,train
105287.6796875,461,train
106878.484375,462,train
109529.8125,463,train
108667.0859375,464,train
106420.46875,465,train
107202.1171875,466,train
107309.671875,467,train
105671.15625,468,train
105604.75,469,train
105139.921875,470,train
104949.3671875,471,train
103609.1953125,472,train
105785.2265625,473,train
107138.0703125,474,train
108692.2734375,475,train
107816.0625,476,train
107710.203125,477,train
108923.734375,478,train
106690.90625,479,train
107154.8515625,480,train
108359.9765625,481,train
107938.703125,482,train
106780.671875,483,train
109754.5703125,484,train
110383.859375,485,train
110333.0234375,486,train
110568.5703125,487,train
110501.34375,488,train
109348.1328125,489,train
110390.5,490,train
110321.3671875,491,train
111625.1953125,492,train
111415.9453125,493,train
111481.7109375,494,train
111662.484375,495,train
112454.421875,496,train
113180.453125,497,train
113241.4375,498,train
113163.0,499,train
112753.546875,500,train
112677.2421875,501,train
112359.6328125,502,train
113397.2890625,503,train
113954.546875,504,train
113384.71875,505,train
114166.140625,506,train
114070.7265625,507,train
113349.1015625,508,train
114900.6875,509,train
113492.65625,510,train
113737.453125,511,train
113534.640625,512,train
114742.828125,513,train
116346.5703125,514,train
116797.46875,515,train
116276.9609375,516,train
116901.609375,517,train
117714.0,518,train
118224.296875,519,train
117858.6640625,520,train
116701.3203125,521,train
116571.6328125,522,train
115956.375,523,train
115490.3671875,524,train
114084.1875,525,train
113857.4765625,526,train
114788.59375,527,train
114235.4375,528,train
113609.7109375,529,train
113761.484375,530,train
114190.34375,531,train
114002.8828125,532,train
115322.640625,533,train
114640.1953125,534,train
114591.9375,535,train
113658.421875,536,train
114925.2265625,537,train
114060.2109375,538,train
114908.1875,539,train
114274.859375,540,train
114731.09375,541,train
114601.59375,542,train
116155.8359375,543,train
117493.0546875,544,train
117130.6484375,545,train
117696.2421875,546,train
117496.234375,547,train
117562.5703125,548,train
117379.96875,549,train
116679.28125,550,train
117377.3125,551,train
117569.296875,552,train
117904.734375,553,train
117864.0625,554,train
116980.828125,555,train
116078.71875,556,train
115721.109375,557,train
115335.375,558,train
115751.7734375,559,train
114719.9296875,560,train
115246.84375,561,train
116014.328125,562,train
115693.3046875,563,train
117184.4609375,564,train
113046.59375,565,train
111532.609375,566,train
113688.1875,567,train
115561.9140625,568,train
117087.484375,569,train
117208.703125,570,train
116498.09375,571,train
117116.15625,572,train
116933.6484375,573,train
118459.015625,574,train
119074.7421875,575,train
120228.5625,576,train
120261.5703125,577,train
121383.28125,578,train
121308.0234375,579,train
121629.921875,580,train
121519.0625,581,train
122139.8359375,582,train
121799.0390625,583,train
122150.09375,584,train
121422.8515625,585,train
121252.3359375,586,train
121720.0,587,train
121684.296875,588,train
122161.6328125,589,train
121783.796875,590,train
121301.296875,591,train
121652.671875,592,train
121679.9453125,593,train
122916.5,594,train
123039.6640625,595,train
123253.9921875,596,train
122622.5390625,597,train
123140.46875,598,train
123176.734375,599,train
123618.09375,600,train
123080.8515625,601,train
123552.21875,602,train
123844.8984375,603,train
123448.328125,604,train
123085.828125,605,train
123279.5625,606,train
123057.71875,607,train
123049.53125,608,train
122908.1484375,609,train
123615.25,610,train
123440.4375,611,train
123068.65625,612,train
123058.6796875,613,train
123544.8125,614,train
124119.9453125,615,train
124105.0234375,616,train
123993.671875,617,train
121648.109375,618,train
123261.5859375,619,train
121723.046875,620,train
121826.484375,621,train
123273.796875,622,train
122394.609375,623,train
122090.328125,624,train
122109.015625,625,train
123012.0234375,626,train
123742.7578125,627,train
122902.453125,628,train
121639.0234375,629,train
122574.546875,630,train
123927.0390625,631,train
122150.46875,632,train
123491.8359375,633,train
123051.4765625,634,train
123041.8125,635,train
124042.9453125,636,train
124165.1328125,637,train
124504.8515625,638,train
125531.6484375,639,train
124427.96875,640,train
124378.0625,641,train
123582.921875,642,train
123901.515625,643,train
123684.0234375,644,train
124157.96875,645,train
124258.0703125,646,train
123978.5625,647,train
124009.0859375,648,train
124638.8515625,649,train
125141.125,650,train
125098.7421875,651,train
124731.3359375,652,train
124500.9140625,653,train
124300.3046875,654,train
123910.7421875,655,train
123052.9296875,656,train
122421.3046875,657,train
121827.6015625,658,train
124495.546875,659,train
125040.0859375,660,train
127377.2890625,661,train
127627.59375,662,train
127122.9609375,663,train
126663.7734375,664,train
128076.2890625,665,train
127802.390625,666,train
128237.8515625,667,train
127826.375,668,train
128764.9140625,669,train
128639.5,670,train
128568.0,671,train
128991.109375,672,train
128557.640625,673,train
128746.7421875,674,train
129267.78125,675,train
129269.75,676,train
129312.328125,677,train
130368.1015625,678,train
130522.2109375,679,train
131666.5,680,train
132194.96875,681,train
133703.515625,682,train
134527.71875,683,train
135638.53125,684,train
134962.125,685,train
135699.9375,686,train
135337.953125,687,train
135701.53125,688,train
136139.4375,689,train
135759.5,690,train
135771.078125,691,train
135915.109375,692,train
136023.46875,693,train
135282.546875,694,train
135132.6875,695,train
134701.109375,696,train
135768.859375,697,train
135809.828125,698,train
135875.71875,699,train
136368.515625,700,train
135904.515625,701,train
135452.921875,702,train
135861.421875,703,train
135274.0625,704,train
135410.71875,705,train
134641.921875,706,train
134457.9375,707,train
133540.578125,708,train
134452.625,709,train
134375.609375,710,train
134662.375,711,train
135733.796875,712,train
135808.3125,713,train
135792.140625,714,train
134546.546875,715,train
133955.46875,716,train
134532.484375,717,train
134755.828125,718,train
136285.203125,719,train
136200.015625,720,train
136112.359375,721,train
135940.09375,722,train
137004.140625,723,train
137292.203125,724,train
138466.75,725,train
139096.640625,726,train
140334.40625,727,train
140050.25,728,train
140183.75,729,train
140897.3125,730,train
140502.265625,731,train
141122.859375,732,train
140797.71875,733,train
141111.34375,734,train
140949.046875,735,train
143254.3125,736,train
142442.640625,737,train
142596.34375,738,train
142263.5625,739,train
141867.125,740,train
141371.9375,741,train
141856.65625,742,train
142108.5625,743,train
141999.21875,744,train
141616.046875,745,train
142667.8125,746,train
142507.921875,747,train
141953.21875,748,train
141903.0,749,train
140201.5625,750,train
140410.578125,751,train
139951.65625,752,train
139377.9375,753,train
139206.046875,754,train
140247.5625,755,train
140499.46875,756,train
140990.71875,757,train
140218.578125,758,train
140277.21875,759,train
140656.671875,760,train
140200.96875,761,train
140320.984375,762,train
139985.125,763,train
140037.53125,764,train
139638.90625,765,train
139671.890625,766,train
138521.28125,767,train
139535.453125,768,train
138084.640625,769,train
137261.359375,770,train
138259.828125,771,train
137997.875,772,train
140098.125,773,train
141106.5625,774,train
140544.59375,775,train
140448.140625,776,train
140926.84375,777,train
141441.53125,778,train
141244.828125,779,train
141702.59375,780,train
141329.46875,781,train
141702.046875,782,train
142319.5,783,train
141886.6875,784,train
142216.109375,785,train
142219.078125,786,train
142259.6875,787,train
143140.609375,788,train
143429.5625,789,train
140310.578125,790,train
140759.625,791,train
141391.765625,792,train
141667.046875,793,train
142301.265625,794,train
142602.765625,795,train
142860.28125,796,train
142900.59375,797,train
142410.40625,798,train
141569.53125,799,train
142330.484375,800,train
142593.859375,801,train
142837.203125,802,train
143161.078125,803,train
143377.828125,804,train
143363.734375,805,train
143789.765625,806,train
143568.09375,807,train
144172.859375,808,train
143865.90625,809,train
143511.375,810,train
143877.9375,811,train
145197.8125,812,train
144522.515625,813,train
144333.625,814,train
144145.875,815,train
144656.171875,816,train
144292.828125,817,train
143150.4375,818,train
144090.4375,819,train
142975.15625,820,train
142841.40625,821,train
143882.703125,822,train
144076.546875,823,train
143030.203125,824,train
143607.453125,825,train
143648.78125,826,train
143629.546875,827,train
144411.578125,828,train
145048.65625,829,train
145577.546875,830,train
145447.859375,831,train
145609.5,832,train
146293.625,833,train
146398.875,834,train
145702.125,835,train
145440.15625,836,train
145825.0625,837,train
145676.265625,838,train
145383.890625,839,train
145625.53125,840,train
145927.71875,841,train
146562.703125,842,train
147206.703125,843,train
146856.6875,844,train
147755.609375,845,train
148097.171875,846,train
148126.703125,847,train
148355.53125,848,train
146596.265625,849,train
146530.46875,850,train
147534.453125,851,train
147797.40625,852,train
147588.90625,853,train
145571.484375,854,train
145656.46875,855,train
145435.625,856,train
146944.578125,857,train
146658.953125,858,train
146527.4375,859,train
146796.5,860,train
146649.515625,861,train
146938.78125,862,train
147195.421875,863,train
148023.53125,864,train
148216.875,865,train
146988.140625,866,train
147876.53125,867,train
147932.8125,868,train
147260.828125,869,train
149050.46875,870,train
149892.03125,871,train
150144.78125,872,train
150334.390625,873,train
150362.96875,874,train
150741.015625,875,train
151449.5625,876,train
151528.78125,877,train
150730.640625,878,train
150510.25,879,train
150012.484375,880,train
150040.640625,881,train
150867.03125,882,train
151129.28125,883,train
151688.1875,884,train
152377.265625,885,train
152848.234375,886,train
152540.734375,887,train
154013.234375,888,train
153935.375,889,train
153913.84375,890,train
154215.78125,891,train
154953.5625,892,train
154752.703125,893,train
154948.359375,894,train
155901.921875,895,train
156118.9375,896,train
156029.34375,897,train
155723.375,898,train
156192.890625,899,train
155700.5625,900,train
156007.171875,901,train
155602.8125,902,train
155755.796875,903,train
157317.125,904,train
157085.015625,905,train
157216.984375,906,train
157669.015625,907,train
158095.90625,908,train
158400.09375,909,train
158517.546875,910,train
158269.390625,911,train
158645.609375,912,train
158541.34375,913,train
158247.765625,914,train
158448.5625,915,train
157755.1875,916,train
157090.515625,917,train
157667.1875,918,train
156707.953125,919,train
156867.921875,920,train
157947.84375,921,train
157775.4375,922,train
158065.234375,923,train
158201.546875,924,train
159724.015625,925,train
159611.453125,926,train
161042.140625,927,train
161215.890625,928,train
160894.90625,929,train
160438.203125,930,train
160427.5,931,train
160424.90625,932,train
161447.0625,933,train
162356.828125,934,train
163112.375,935,train
163134.375,936,train
162701.109375,937,train
164485.859375,938,train
165004.65625,939,train
164125.234375,940,train
163736.25,941,train
165047.734375,942,train
164775.9375,943,train
164362.1875,944,train
164197.171875,945,train
164386.15625,946,train
163579.53125,947,train
164860.671875,948,train
165768.625,949,train
166641.46875,950,train
167226.1875,951,train
167112.5625,952,train
167276.71875,953,train
167224.953125,954,train
168304.546875,955,train
169672.25,956,train
169336.53125,957,train
170615.953125,958,train
170081.6875,959,train
170517.0625,960,train
172131.0625,961,train
170778.75,962,train
171018.984375,963,train
171413.75,964,train
172891.75,965,train
171849.359375,966,train
169626.265625,967,train
169345.75,968,train
170221.671875,969,train
164560.53125,970,train
157024.421875,971,train
160794.140625,972,train
158833.984375,973,train
153368.546875,974,train
156000.515625,975,train
158278.84375,976,train
158810.296875,977,train
160420.25,978,train
162681.828125,979,train
163008.25,980,train
162053.453125,981,train
160954.390625,982,train
161353.171875,983,train
164282.359375,984,train
166747.078125,985,train
164873.4375,986,train
162571.0625,987,train
160243.921875,988,train
161112.640625,989,train
162736.859375,990,train
162670.3125,991,train
162240.046875,992,train
163516.015625,993,train
166453.109375,994,train
166604.640625,995,train
165209.734375,996,train
163721.34375,997,train
164347.046875,998,train
164610.6875,999,train
161980.203125,1000,train
162139.546875,1001,train
161786.234375,1002,train
157521.796875,1003,train
154296.984375,1004,train
158941.796875,1005,train
156380.09375,1006,train
156119.0625,1007,train
158343.0,1008,train
155221.578125,1009,train
157813.640625,1010,train
159616.140625,1011,train
160631.859375,1012,train
157514.640625,1013,train
158636.6875,1014,train
161348.96875,1015,train
160372.59375,1016,train
162038.03125,1017,train
161652.3125,1018,train
162721.140625,1019,train
163353.359375,1020,train
163409.203125,1021,train
162983.5,1022,train
161134.046875,1023,train
160849.984375,1024,train
158724.078125,1025,train
158517.65625,1026,train
160064.09375,1027,train
159679.0,1028,train
158503.296875,1029,train
158458.421875,1030,train
157687.5,1031,train
157639.53125,1032,train
159529.90625,1033,train
160175.90625,1034,train
160449.515625,1035,train
162922.96875,1036,train
164674.96875,1037,train
165210.15625,1038,train
165503.296875,1039,train
164264.390625,1040,train
164680.0,1041,train
164195.40625,1042,train
163155.0625,1043,train
164408.578125,1044,train
163921.90625,1045,train
164666.890625,1046,train
163346.96875,1047,train
162329.453125,1048,train
160242.796875,1049,train
162720.96875,1050,train
161699.109375,1051,train
163694.375,1052,train
164342.59375,1053,train
164242.625,1054,train
165572.03125,1055,train
166310.703125,1056,train
166845.84375,1057,train
166618.046875,1058,train
166409.703125,1059,train
165806.6875,1060,train
165698.34375,1061,train
165023.8125,1062,train
165137.0625,1063,train
164698.828125,1064,train
164771.140625,1065,train
163788.046875,1066,train
164428.859375,1067,train
162263.46875,1068,train
162897.53125,1069,train
162270.921875,1070,train
163424.4375,1071,train
163213.09375,1072,train
163731.71875,1073,train
162761.390625,1074,train
164179.421875,1075,train
165250.0,1076,train
166885.015625,1077,train
167783.6875,1078,train
166293.75,1079,train
167945.234375,1080,train
168056.890625,1081,train
168409.78125,1082,train
169430.421875,1083,train
169029.75,1084,train
168088.6875,1085,train
168605.140625,1086,train
169528.625,1087,train
171851.53125,1088,train
173349.203125,1089,train
173587.5625,1090,train
172991.90625,1091,train
172753.78125,1092,train
173025.296875,1093,train
173873.28125,1094,train
174254.6875,1095,train
175148.40625,1096,train
175706.15625,1097,train
176346.9375,1098,train
176275.796875,1099,train
175505.609375,1100,train
174710.984375,1101,train
173751.84375,1102,train
174243.21875,1103,train
173054.0625,1104,train
174668.546875,1105,train
175577.3125,1106,train
176064.65625,1107,train
175933.140625,1108,train
176349.640625,1109,train
175951.828125,1110,train
176739.390625,1111,train
178291.609375,1112,train
178077.453125,1113,train
179073.5,1114,train
178697.984375,1115,train
178047.09375,1116,train
177613.125,1117,train
177594.34375,1118,train
176025.84375,1119,train
175964.03125,1120,train
175652.234375,1121,train
177089.234375,1122,train
176919.234375,1123,train
178034.78125,1124,train
178251.90625,1125,train
177622.21875,1126,train
178414.25,1127,train
179686.1875,1128,train
181369.609375,1129,train
181364.109375,1130,train
181277.9375,1131,train
180993.578125,1132,train
179777.59375,1133,train
180347.265625,1134,train
179800.421875,1135,train
181185.796875,1136,train
181900.125,1137,train
182260.75,1138,train
180754.578125,1139,train
180048.34375,1140,train
180086.59375,1141,train
180456.03125,1142,train
174839.359375,1143,train
171015.21875,1144,train
172875.421875,1145,train
171664.03125,1146,train
174932.03125,1147,train
176276.171875,1148,train
174219.875,1149,train
176569.390625,1150,train
175677.578125,1151,train
174394.34375,1152,train
169609.8125,1153,train
173108.09375,1154,train
170948.421875,1155,train
169611.40625,1156,train
171738.71875,1157,train
174412.4375,1158,train
175208.0625,1159,train
174563.65625,1160,train
175304.328125,1161,train
175798.0625,1162,train
179494.53125,1163,train
178873.5625,1164,train
177444.09375,1165,train
173432.1875,1166,train
172338.5625,1167,train
170791.453125,1168,train
173208.71875,1169,train
174137.390625,1170,train
172457.90625,1171,train
168682.34375,1172,train
168606.65625,1173,train
166531.578125,1174,train
169258.421875,1175,train
169966.796875,1176,train
174027.9375,1177,train
173772.640625,1178,train
174517.671875,1179,train
175994.21875,1180,train
171075.78125,1181,train
170481.46875,1182,train
167074.5625,1183,train
167230.75,1184,train
167391.34375,1185,train
167823.6875,1186,train
168914.921875,1187,train
164512.15625,1188,train
160867.859375,1189,train
160708.015625,1190,train
158465.984375,1191,train
156343.8125,1192,train
153356.359375,1193,train
148773.125,1194,train
156229.046875,1195,train
157713.5,1196,train
156838.390625,1197,train
158288.40625,1198,train
159346.328125,1199,train
154893.75,1200,train
160000.953125,1201,train
160256.90625,1202,train
161257.796875,1203,train
161686.109375,1204,train
161216.375,1205,train
160866.65625,1206,train
160023.375,1207,train
162021.21875,1208,train
163383.21875,1209,train
164421.3125,1210,train
166364.359375,1211,train
163527.0,1212,train
164202.4375,1213,train
163593.984375,1214,train
164829.765625,1215,train
163400.84375,1216,train
163558.484375,1217,train
166868.25,1218,train
168076.96875,1219,train
169302.640625,1220,train
170471.6875,1221,train
171048.328125,1222,train
170302.109375,1223,train
168336.609375,1224,train
168364.90625,1225,train
167851.984375,1226,train
170292.953125,1227,train
170566.34375,1228,train
170295.53125,1229,train
172326.25,1230,train
172763.875,1231,train
172793.40625,1232,train
172190.75,1233,train
173462.46875,1234,train
174130.140625,1235,train
174329.109375,1236,train
174317.3125,1237,train
173964.140625,1238,train
175466.234375,1239,train
175434.25,1240,train
175663.046875,1241,train
174751.375,1242,train
173410.125,1243,train
173131.125,1244,train
175869.234375,1245,train
176802.03125,1246,train
177746.921875,1247,train
177454.078125,1248,train
178578.390625,1249,train
179580.5625,1250,train
179797.09375,1251,train
179095.46875,1252,train
180603.03125,1253,train
177097.609375,1254,train
176478.015625,1255,train
177655.484375,1256,train
176845.109375,1257,train
177499.46875,1258,train
178320.921875,1259,train
180409.1875,1260,train
180745.78125,1261,train
181043.546875,1262,train
181506.609375,1263,train
182118.3125,1264,train
182872.640625,1265,train
181650.15625,1266,train
182122.875,1267,train
182099.578125,1268,train
182474.875,1269,train
182011.25,1270,train
182517.4375,1271,train
183779.90625,1272,train
183312.78125,1273,train
184079.34375,1274,train
184918.3125,1275,train
183393.21875,1276,train
184170.09375,1277,train
184817.4375,1278,train
185205.78125,1279,train
184835.296875,1280,train
183967.875,1281,train
183164.296875,1282,train
185014.453125,1283,train
184573.734375,1284,train
181887.84375,1285,train
181523.109375,1286,train
181606.140625,1287,train
182316.84375,1288,train
178346.328125,1289,train
179006.5625,1290,train
180731.984375,1291,train
182380.4375,1292,train
181366.28125,1293,train
180300.625,1294,train
181134.234375,1295,train
180428.984375,1296,train
178341.125,1297,train
178638.796875,1298,train
176996.25,1299,train
175158.625,1300,train
175245.640625,1301,train
172565.296875,1302,train
171895.390625,1303,train
175604.234375,1304,train
176453.015625,1305,train
178470.875,1306,train
180364.015625,1307,train
181917.9375,1308,train
182000.28125,1309,train
181302.0,1310,train
181871.59375,1311,train
181747.171875,1312,train
182051.21875,1313,train
183967.421875,1314,train
184132.8125,1315,train
185670.953125,1316,train
185962.90625,1317,train
186135.203125,1318,train
184185.828125,1319,train
183916.15625,1320,train
183885.421875,1321,train
184902.625,1322,train
186667.796875,1323,train
187023.25,1324,train
188480.59375,1325,train
188243.96875,1326,train
187321.5,1327,train
187620.890625,1328,train
189033.8125,1329,train
189211.640625,1330,train
189022.0625,1331,train
188967.765625,1332,train
188634.375,1333,train
187577.828125,1334,train
188162.34375,1335,train
187012.1875,1336,train
187868.515625,1337,train
189146.796875,1338,train
189432.8125,1339,train
188640.15625,1340,train
191238.34375,1341,train
191013.453125,1342,train
190049.84375,1343,train
188650.9375,1344,train
185981.125,1345,train
184756.78125,1346,train
179430.78125,1347,train
181443.46875,1348,train
181130.078125,1349,train
184662.90625,1350,train
183235.90625,1351,train
181069.734375,1352,train
183713.71875,1353,train
177968.71875,1354,train
178190.875,1355,train
180572.046875,1356,train
183039.28125,1357,train
181188.765625,1358,train
182595.875,1359,train
182811.453125,1360,train
177636.0,1361,train
179856.9375,1362,train
179366.96875,1363,train
180567.1875,1364,train
182685.375,1365,train
182732.375,1366,train
181576.578125,1367,train
183259.453125,1368,train
185776.953125,1369,train
185917.671875,1370,train
186868.59375,1371,train
188321.75,1372,train
189640.53125,1373,train
190391.234375,1374,train
190496.3125,1375,train
190031.84375,1376,train
189895.1875,1377,train
190609.5,1378,train
190571.265625,1379,train
190134.328125,1380,train
190246.046875,1381,train
188395.046875,1382,train
189490.015625,1383,train
188226.828125,1384,train
187944.734375,1385,train
188012.203125,1386,train
185721.84375,1387,train
182118.109375,1388,train
183290.25,1389,train
186416.75,1390,train
185536.5,1391,train
182848.71875,1392,train
184061.40625,1393,train
185538.34375,1394,train
187784.71875,1395,train
187827.109375,1396,train
189125.765625,1397,train
188725.53125,1398,train
189051.734375,1399,train
187469.5,1400,train
189573.3125,1401,train
190358.25,1402,train
191807.46875,1403,train
191684.9375,1404,train
192843.9375,1405,train
194505.609375,1406,train
193814.3125,1407,train
194169.75,1408,train
193756.375,1409,train
195752.4375,1410,train
197036.96875,1411,train
197097.59375,1412,train
196680.3125,1413,train
198257.140625,1414,train
198395.5,1415,train
197552.375,1416,train
197334.03125,1417,train
197411.59375,1418,train
197369.5,1419,train
199603.734375,1420,train
199295.046875,1421,train
198781.4375,1422,train
198187.453125,1423,train
198970.5,1424,train
199621.484375,1425,train
200746.0,1426,train
200736.40625,1427,train
201354.734375,1428,train
200610.59375,1429,train
199521.75,1430,train
198032.65625,1431,train
200423.609375,1432,train
200869.421875,1433,train
203476.953125,1434,train
202898.671875,1435,train
202861.234375,1436,train
202758.078125,1437,train
205180.625,1438,train
204887.09375,1439,train
206903.890625,1440,train
207010.828125,1441,train
206567.671875,1442,train
206960.46875,1443,train
207682.59375,1444,train
208257.890625,1445,train
208209.1875,1446,train
209502.5625,1447,train
209342.65625,1448,train
208133.53125,1449,train
208941.515625,1450,train
211169.21875,1451,train
209324.21875,1452,train
210323.0625,1453,train
209284.0625,1454,train
210180.0625,1455,train
211949.40625,1456,train
211707.453125,1457,train
213446.6875,1458,train
213365.71875,1459,train
213716.75,1460,train
215250.609375,1461,train
215981.515625,1462,train
214410.75,1463,train
214106.015625,1464,train
214323.453125,1465,train
212049.890625,1466,train
209637.921875,1467,train
210898.3125,1468,train
210860.609375,1469,train
212463.875,1470,train
207756.171875,1471,train
208998.40625,1472,train
210622.78125,1473,train
213781.03125,1474,train
214267.734375,1475,train
212863.84375,1476,train
213792.34375,1477,train
213453.0,1478,train
214294.109375,1479,train
213393.5625,1480,train
213303.96875,1481,train
211775.25,1482,train
213177.09375,1483,train
211637.53125,1484,train
209328.921875,1485,train
202002.84375,1486,train
196526.78125,1487,train
196207.546875,1488,train
186721.03125,1489,train
185723.375,1490,train
195181.59375,1491,train
189106.90625,1492,train
196784.484375,1493,train
190487.4375,1494,train
186323.0625,1495,train
170528.765625,1496,train
179550.390625,1497,train
170295.953125,1498,train
155292.34375,1499,train
172547.109375,1500,train
153503.6875,1501,train
162043.53125,1502,train
151603.34375,1503,train
151841.15625,1504,train
145335.765625,1505,train
139691.90625,1506,train
154322.625,1507,train
155510.6875,1508,train
165489.578125,1509,train
158568.6875,1510,train
165022.703125,1511,train
163177.65625,1512,train
157020.515625,1513,train
163647.265625,1514,train
162013.546875,1515,train
171395.46875,1516,train
171017.953125,1517,train
177506.375,1518,train
179419.8125,1519,train
178462.78125,1520,train
182444.25,1521,train
179819.46875,1522,train
178780.5625,1523,train
185952.34375,1524,train
181234.8125,1525,train
176890.4375,1526,train
180730.09375,1527,train
182247.3125,1528,train
183949.53125,1529,train
186181.921875,1530,train
185121.640625,1531,train
190955.984375,1532,train
189864.5625,1533,train
184877.078125,1534,train
186321.0625,1535,train
188256.234375,1536,train
186500.5625,1537,train
187764.65625,1538,train
191458.0625,1539,train
191175.328125,1540,train
187362.1875,1541,train
183588.65625,1542,train
185832.015625,1543,train
185692.75,1544,train
191400.03125,1545,train
187993.78125,1546,train
191283.21875,1547,train
189334.84375,1548,train
189171.6875,1549,train
193079.859375,1550,train
196231.203125,1551,train
195005.9375,1552,train
195089.640625,1553,train
195124.078125,1554,train
197499.359375,1555,train
200758.8125,1556,train
199792.25,1557,train
205400.0625,1558,train
207970.46875,1559,train
206867.65625,1560,train
205362.21875,1561,train
192301.4375,1562,train
195411.359375,1563,train
196146.890625,1564,train
199681.890625,1565,train
197829.015625,1566,train
197666.390625,1567,train
196361.1875,1568,train
197615.53125,1569,train
198515.03125,1570,train
193248.40625,1571,train
196368.796875,1572,train
189329.78125,1573,train
192452.578125,1574,train
195075.53125,1575,train
195176.5,1576,train
196720.921875,1577,train
200172.578125,1578,train
197165.5,1579,train
198658.53125,1580,train
196120.40625,1581,train
200056.15625,1582,train
200839.046875,1583,train
203931.296875,1584,train
205152.15625,1585,train
204223.59375,1586,train
203261.90625,1587,train
204269.96875,1588,train
206679.078125,1589,train
207126.984375,1590,train
204373.9375,1591,train
202878.6875,1592,train
204100.265625,1593,train
203461.328125,1594,train
205531.046875,1595,train
203621.015625,1596,train
204188.21875,1597,train
206230.71875,1598,train
207434.609375,1599,train
208744.953125,1600,train
209792.25,1601,train
209854.46875,1602,train
211334.578125,1603,train
210394.0625,1604,train
213280.6875,1605,train
212267.40625,1606,train
212165.640625,1607,train
211489.171875,1608,train
211647.15625,1609,train
210957.296875,1610,train
211864.046875,1611,train
213101.5625,1612,train
215999.875,1613,train
215209.0625,1614,train
215311.140625,1615,train
216201.03125,1616,train
217262.546875,1617,train
215825.53125,1618,train
215944.5625,1619,train
218369.78125,1620,train
212133.203125,1621,train
211673.40625,1622,train
204731.75,1623,train
207875.0,1624,train
203915.1875,1625,train
204107.296875,1626,train
205604.75,1627,train
204866.3125,1628,train
205139.0625,1629,train
203294.34375,1630,train
201542.578125,1631,train
199367.390625,1632,train
199662.78125,1633,train
194647.421875,1634,train
196104.328125,1635,train
198250.65625,1636,train
201535.96875,1637,train
199455.921875,1638,train
201515.390625,1639,train
200569.28125,1640,train
199049.4375,1641,train
202584.40625,1642,train
199967.6875,1643,train
202395.296875,1644,train
205618.84375,1645,train
206505.703125,1646,train
210428.09375,1647,train
208328.09375,1648,train
207775.59375,1649,train
207522.09375,1650,train
207750.1875,1651,train
203947.8125,1652,train
205118.734375,1653,train
204040.609375,1654,train
207087.375,1655,train
207485.515625,1656,train
203906.703125,1657,train
202761.46875,1658,train
194561.375,1659,train
197418.34375,1660,train
196872.015625,1661,train
199882.046875,1662,train
202215.796875,1663,train
205182.875,1664,train
208151.546875,1665,train
207659.921875,1666,train
217416.78125,1667,train
218377.984375,1668,train
219215.1875,1669,train
216702.375,1670,train
220080.09375,1671,train
223310.140625,1672,train
222926.84375,1673,train
219866.328125,1674,train
220766.734375,1675,train
219631.921875,1676,train
222389.203125,1677,train
227914.59375,1678,train
226299.5625,1679,train
226490.234375,1680,train
223964.953125,1681,train
227403.34375,1682,train
230960.875,1683,train
230127.828125,1684,train
232728.6875,1685,train
231989.234375,1686,train
234497.0625,1687,train
232907.671875,1688,train
233983.75,1689,train
233249.203125,1690,train
229094.6875,1691,train
231665.46875,1692,train
231960.84375,1693,train
232507.984375,1694,train
230820.90625,1695,train
232548.0,1696,train
230681.375,1697,train
232509.421875,1698,train
232840.515625,1699,train
234817.234375,1700,train
233883.890625,1701,train
233734.890625,1702,train
234518.4375,1703,train
232890.171875,1704,train
236428.984375,1705,train
238955.65625,1706,train
242727.578125,1707,train
243730.796875,1708,train
244089.46875,1709,train
244852.96875,1710,train
245636.078125,1711,train
246872.21875,1712,train
243092.5625,1713,train
245064.375,1714,train
247443.25,1715,train
246443.09375,1716,train
246589.6875,1717,train
247573.40625,1718,train
247814.171875,1719,train
242550.53125,1720,train
244498.28125,1721,train
238947.421875,1722,train
241866.796875,1723,train
243920.84375,1724,train
247597.0,1725,train
249813.78125,1726,train
251527.0,1727,train
254109.984375,1728,train
253658.640625,1729,train
254429.78125,1730,train
253228.78125,1731,train
254760.328125,1732,train
256605.84375,1733,train
257994.234375,1734,train
256772.515625,1735,train
256605.640625,1736,train
256426.265625,1737,train
257100.71875,1738,train
260779.375,1739,train
257056.9375,1740,train
253446.640625,1741,train
259270.875,1742,train
257989.578125,1743,train
257385.328125,1744,train
256717.46875,1745,train
261722.59375,1746,train
260610.78125,1747,train
261725.9375,1748,train
264924.46875,1749,train
266031.0,1750,train
266724.5625,1751,train
266569.1875,1752,train
266270.34375,1753,train
266500.5,1754,train
262739.375,1755,train
261229.40625,1756,train
261859.171875,1757,train
260712.9375,1758,train
261466.34375,1759,train
261951.90625,1760,train
265228.53125,1761,train
265425.65625,1762,train
264014.0,1763,train
263628.40625,1764,train
266290.8125,1765,train
268339.40625,1766,train
267876.8125,1767,train
269386.9375,1768,train
270314.28125,1769,train
271484.40625,1770,train
270752.78125,1771,train
270811.0,1772,train
271496.4375,1773,train
273685.53125,1774,train
275010.625,1775,train
275133.125,1776,train
272960.46875,1777,train
274700.21875,1778,train
270813.625,1779,train
273737.34375,1780,train
273674.71875,1781,train
274130.90625,1782,train
275945.3125,1783,train
278490.90625,1784,train
275373.375,1785,train
278445.5,1786,train
277635.34375,1787,train
279800.125,1788,train
282498.71875,1789,train
284709.59375,1790,train
283510.09375,1791,train
279261.03125,1792,train
276434.34375,1793,train
279226.09375,1794,train
283709.21875,1795,train
284360.5625,1796,train
280827.59375,1797,train
278610.375,1798,train
280888.25,1799,train
281067.09375,1800,train
283855.03125,1801,train
281923.34375,1802,train
282259.84375,1803,train
280682.96875,1804,train
281025.375,1805,train
282587.21875,1806,train
283771.75,1807,train
284051.65625,1808,train
286469.21875,1809,train
286019.65625,1810,train
285972.84375,1811,train
286839.75,1812,train
287566.21875,1813,train
286787.6875,1814,train
286664.1875,1815,train
287098.5625,1816,train
286310.4375,1817,train
284562.40625,1818,train
278943.59375,1819,train
283849.03125,1820,train
285342.65625,1821,train
285144.90625,1822,train
286887.53125,1823,train
287375.65625,1824,train
286677.0,1825,train
286924.1875,1826,train
288395.5625,1827,train
289776.125,1828,train
292146.53125,1829,train
290097.125,1830,train
290539.34375,1831,train
288256.3125,1832,train
292047.84375,1833,train
293298.65625,1834,train
292833.125,1835,train
293149.25,1836,train
292179.71875,1837,train
289373.5625,1838,train
283747.46875,1839,train
287683.9375,1840,train
291329.875,1841,train
291495.375,1842,train
294083.0625,1843,train
296405.03125,1844,train
295006.5625,1845,train
295311.9375,1846,train
296752.4375,1847,train
295593.40625,1848,train
296506.0,1849,train
300246.25,1850,train
297326.84375,1851,train
299188.1875,1852,train
301200.34375,1853,train
301425.3125,1854,train
304666.0625,1855,train
304691.59375,1856,train
306774.1875,1857,train
307106.65625,1858,train
307430.46875,1859,train
307108.0625,1860,train
302340.125,1861,train
301063.28125,1862,train
302852.75,1863,train
307078.21875,1864,train
306881.46875,1865,train
307047.9375,1866,train
305383.96875,1867,train
307416.8125,1868,train
307954.46875,1869,train
306031.9375,1870,train
305850.25,1871,train
308018.25,1872,train
307690.65625,1873,train
307129.03125,1874,train
305656.625,1875,train
304028.46875,1876,train
301300.625,1877,train
303597.625,1878,train
301501.96875,1879,train
304390.25,1880,train
302725.84375,1881,train
299584.96875,1882,train
294277.0625,1883,train
294362.6875,1884,train
298565.96875,1885,train
302755.875,1886,train
303225.25,1887,train
304304.625,1888,train
300139.875,1889,train
300470.8125,1890,train
296372.28125,1891,train
300467.4375,1892,train
297747.90625,1893,train
301096.375,1894,train
301666.84375,1895,train
304235.375,1896,train
305569.28125,1897,train
303136.75,1898,train
301287.6875,1899,train
301104.46875,1900,train
305409.15625,1901,train
308274.90625,1902,train
308967.53125,1903,train
311970.71875,1904,train
312988.0625,1905,train
311966.03125,1906,train
312787.4375,1907,train
313544.71875,1908,train
316246.65625,1909,train
315423.40625,1910,train
317572.5625,1911,train
318918.46875,1912,train
318251.90625,1913,train
321520.96875,1914,train
320675.84375,1915,train
319964.03125,1916,train
324086.125,1917,train
324224.78125,1918,train
323586.1875,1919,train
322059.96875,1920,train
322976.125,1921,train
324456.59375,1922,train
325123.1875,1923,train
325435.75,1924,train
325314.28125,1925,train
326051.53125,1926,train
323266.4375,1927,train
324913.53125,1928,train
328341.0,1929,train
327665.9375,1930,train
322787.5,1931,train
324300.34375,1932,train
320572.875,1933,train
320984.875,1934,train
323526.625,1935,train
322614.8125,1936,train
325260.5,1937,train
330621.71875,1938,train
331301.25,1939,train
331699.1875,1940,train
334199.84375,1941,train
332983.3125,1942,train
332580.0625,1943,train
336465.25,1944,train
337359.0,1945,train
330159.0625,1946,train
328300.15625,1947,train
331352.125,1948,train
334644.0,1949,train
335165.40625,1950,train
339489.71875,1951,train
338325.53125,1952,train
338078.125,1953,train
337390.3125,1954,train
336874.9375,1955,train
100000.0,0,test
100378.5546875,1,test
101613.09375,2,test
103047.875,3,test
102661.2265625,4,test
103326.75,5,test
103767.296875,6,test
103363.796875,7,test
103217.9140625,8,test
103124.8515625,9,test
104492.5,10,test
105303.03125,11,test
105050.234375,12,test
104657.9375,13,test
104798.421875,14,test
104635.015625,15,test
104978.53125,16,test
105369.6015625,17,test
104093.765625,18,test
103807.21875,19,test
105480.5,20,test
106094.7421875,21,test
105798.3515625,22,test
104326.3515625,23,test
103138.484375,24,test
102233.046875,25,test
104021.390625,26,test
104131.5625,27,test
103570.46875,28,test
103954.5859375,29,test
103876.8984375,30,test
103736.375,31,test
103737.171875,32,test
103410.8359375,33,test
104524.0859375,34,test
104850.0234375,35,test
104979.625,36,test
105029.21875,37,test
104874.3984375,38,test
104264.125,39,test
104323.8828125,40,test
104972.796875,41,test
104483.65625,42,test
103934.59375,43,test
104515.953125,44,test
106151.46875,45,test
106071.875,46,test
106181.8515625,47,test
106454.0625,48,test
106866.2734375,49,test
106849.03125,50,test
107383.5078125,51,test
107826.8046875,52,test
107472.25,53,test
108774.1953125,54,test
108396.2109375,55,test
107150.6875,56,test
106682.4609375,57,test
106787.234375,58,test
105909.21875,59,test
105117.828125,60,test
105431.1953125,61,test
105800.8125,62,test
106589.3203125,63,test
107780.265625,64,test
107715.6875,65,test
107326.171875,66,test
105981.59375,67,test
105589.59375,68,test
105412.6015625,69,test
106099.0234375,70,test
106914.1171875,71,test
107460.3515625,72,test
107195.828125,73,test
107402.1484375,74,test
108185.2734375,75,test
108412.3359375,76,test
109380.546875,77,test
109920.328125,78,test
111099.1328125,79,test
111250.921875,80,test
111591.9140625,81,test
110748.8046875,82,test
111580.1484375,83,test
111908.828125,84,test
111561.765625,85,test
110180.9453125,86,test
110367.4375,87,test
109620.5703125,88,test
110524.3671875,89,test
110189.9765625,90,test
109737.8359375,91,test
109635.4140625,92,test
110309.4453125,93,test
110479.8125,94,test
108770.0703125,95,test
108100.4609375,96,test
108499.890625,97,test
108479.453125,98,test
108315.34375,99,test
107865.4375,100,test
108608.59375,101,test
107438.6953125,102,test
108251.0,103,test
108698.90625,104,test
109742.9375,105,test
110014.8203125,106,test
109678.5,107,test
110284.5546875,108,test
110097.28125,109,test
109051.078125,110,test
108795.78125,111,test
109359.1796875,112,test
109423.40625,113,test
109714.9921875,114,test
109921.8046875,115,test
111140.6640625,116,test
110167.03125,117,test
110522.265625,118,test
110538.875,119,test
109297.1640625,120,test
107916.5703125,121,test
107612.3828125,122,test
108160.40625,123,test
106810.484375,124,test
107087.953125,125,test
107322.2265625,126,test
107036.6796875,127,test
107255.8671875,128,test
106310.25,129,test
106161.984375,130,test
106156.859375,131,test
106680.875,132,test
107588.78125,133,test
107647.65625,134,test
106996.5625,135,test
106746.09375,136,test
106938.9765625,137,test
108030.078125,138,test
107787.3828125,139,test
106976.546875,140,test
106676.328125,141,test
105578.1015625,142,test
105002.8046875,143,test
104853.8359375,144,test
104026.3125,145,test
102889.0390625,146,test
100758.6640625,147,test
102350.390625,148,test
102701.2265625,149,test
103266.609375,150,test
104945.421875,151,test
105784.984375,152,test
105923.78125,153,test
105856.8671875,154,test
105634.03125,155,test
104785.953125,156,test
105932.9375,157,test
105829.78125,158,test
106998.515625,159,test
107513.203125,160,test
107823.4375,161,test
108055.1171875,162,test
108499.3984375,163,test
108341.546875,164,test
108833.359375,165,test
108948.421875,166,test
108556.3671875,167,test
108793.9921875,168,test
108491.1484375,169,test
109003.875,170,test
108934.8125,171,test
108638.0390625,172,test
108038.109375,173,test
107261.09375,174,test
107883.15625,175,test
108384.1171875,176,test
108124.2109375,177,test
108013.40625,178,test
108340.21875,179,test
109118.2265625,180,test
109198.15625,181,test
109849.9921875,182,test
111128.0703125,183,test
109890.265625,184,test
110779.921875,185,test
111017.984375,186,test
111317.453125,187,test
111361.5546875,188,test
111267.0625,189,test
111173.1640625,190,test
111763.5234375,191,test
111804.546875,192,test
111080.46875,193,test
111234.890625,194,test
111933.0546875,195,test
111425.25,196,test
111469.3671875,197,test
111187.8125,198,test
111727.3046875,199,test
110776.2734375,200,test
110261.828125,201,test
110766.6640625,202,test
111760.09375,203,test
112003.8125,204,test
112416.25,205,test
112846.2578125,206,test
114090.953125,207,test
113954.578125,208,test
114272.2578125,209,test
114445.2734375,210,test
112443.640625,211,test
112975.921875,212,test
113304.6953125,213,test
112971.6640625,214,test
113889.34375,215,test
114315.578125,216,test
114399.3515625,217,test
114313.875,218,test
114585.734375,219,test
112863.078125,220,test
113003.3125,221,test
114257.7734375,222,test
113913.5390625,223,test
113913.09375,224,test
114826.2421875,225,test
115624.515625,226,test
115606.0,227,test
114510.203125,228,test
114364.71875,229,test
114488.515625,230,test
114493.1328125,231,test
114522.359375,232,test
113234.7265625,233,test
112881.5078125,234,test
113192.8828125,235,test
113494.6171875,236,test
113949.5546875,237,test
115153.7890625,238,test
115607.40625,239,test
116050.21875,240,test
116547.640625,241,test
116009.2109375,242,test
116569.3203125,243,test
117132.1953125,244,test
117779.7421875,245,test
118061.265625,246,test
117804.859375,247,test
117513.609375,248,test
117491.5234375,249,test
118842.0546875,250,test
119051.046875,251,test
119201.1875,252,test
119085.625,253,test
118548.3359375,254,test
117390.6328125,255,test
118244.0859375,256,test
118234.078125,257,test
118748.2109375,258,test
117932.046875,259,test
118402.375,260,test
116504.5234375,261,test
116025.96875,262,test
115052.9609375,263,test
115087.0859375,264,test
115140.1171875,265,test
115858.265625,266,test
117332.265625,267,test
118346.015625,268,test
118687.4921875,269,test
117713.328125,270,test
118910.5625,271,test
119156.90625,272,test
117538.0859375,273,test
118637.5234375,274,test
119594.6640625,275,test
120674.2734375,276,test
121397.0390625,277,test
121438.890625,278,test
121875.703125,279,test
123176.5625,280,test
123094.8984375,281,test
123413.6171875,282,test
123937.734375,283,test
125095.0703125,284,test
125307.484375,285,test
125850.0625,286,test
124999.4609375,287,test
125630.96875,288,test
125342.875,289,test
123430.2109375,290,test
124031.53125,291,test
123666.609375,292,test
122835.9140625,293,test
122635.765625,294,test
124239.90625,295,test
123958.34375,296,test
123909.03125,297,test
124191.6171875,298,test
124160.625,299,test
123966.7265625,300,test
123741.640625,301,test
124149.765625,302,test
124012.46875,303,test
123849.8671875,304,test
123755.015625,305,test
124173.140625,306,test
124524.3203125,307,test
125250.9609375,308,test
124954.4609375,309,test
126483.59375,310,test
126303.09375,311,test
126050.296875,312,test
126164.734375,313,test
125952.7421875,314,test
127134.2578125,315,test
127630.3046875,316,test
127818.390625,317,test
128325.7578125,318,test
128122.40625,319,test
128078.875,320,test
129707.3984375,321,test
128942.234375,322,test
129145.203125,323,test
130415.828125,324,test
131222.859375,325,test
132070.765625,326,test
130489.296875,327,test
129929.1640625,328,test
130012.5234375,329,test
129504.984375,330,test
128681.140625,331,test
128804.5234375,332,test
130116.78125,333,test
129749.40625,334,test
130686.5546875,335,test
130184.296875,336,test
129216.5625,337,test
127588.7578125,338,test
124146.109375,339,test
124266.6171875,340,test
124507.4921875,341,test
126194.6328125,342,test
126875.2890625,343,test
126417.5078125,344,test
127183.671875,345,test
127609.4296875,346,test
128282.6171875,347,test
128502.921875,348,test
129401.875,349,test
128955.9609375,350,test
128922.046875,351,test
128641.875,352,test
129827.7890625,353,test
130285.890625,354,test
129845.65625,355,test
129292.25,356,test
130089.1328125,357,test
130939.6796875,358,test
128422.1953125,359,test
128023.84375,360,test
127626.2109375,361,test
125995.203125,362,test
127421.2578125,363,test
126133.0,364,test
126274.4765625,365,test
126751.90625,366,test
127341.4765625,367,test
128447.6796875,368,test
128874.09375,369,test
128736.1171875,370,test
130269.0390625,371,test
130160.9609375,372,test
130123.5625,373,test
130080.78125,374,test
128734.6015625,375,test
128720.5390625,376,test
129576.765625,377,test
130297.4765625,378,test
129731.234375,379,test
129731.609375,380,test
129182.6640625,381,test
130226.265625,382,test
129545.6171875,383,test
129624.875,384,test
130802.6015625,385,test
130449.59375,386,test
131671.609375,387,test
132403.1875,388,test
132322.296875,389,test
132520.640625,390,test
132421.4375,391,test
132668.34375,392,test
