Date,Stock Price,Book Value per Share,Price to Book Ratio,Company
27/9/2024,227.79,,51.98,APPL
30/6/2024,210.38,4.38,48.01,APPL
31/3/2024,171.05,4.84,35.36,APPL
31/12/2023,191.8,4.79,40.02,APPL
30/9/2023,170.34,4,42.62,APPL
30/6/2023,192.73,3.85,50.03,APPL
31/3/2023,163.62,3.95,41.39,APPL
31/12/2022,128.72,3.58,35.95,APPL
30/9/2022,136.69,3.18,43.01,APPL
30/6/2022,135.04,3.61,37.4,APPL
31/3/2022,172.21,4.16,41.41,APPL
31/12/2021,174.91,4.4,39.73,APPL
30/9/2021,139.17,3.84,36.24,APPL
30/6/2021,134.51,3.88,34.65,APPL
31/3/2021,119.76,4.15,28.89,APPL
31/12/2020,129.9,3.94,33,APPL
30/9/2020,113.18,3.85,29.41,APPL
30/6/2020,88.96,4.22,21.09,APPL
31/3/2020,61.85,4.53,13.64,APPL
31/12/2019,71.25,5.1,13.96,APPL
30/9/2019,54.18,5.09,10.64,APPL
30/6/2019,47.7,5.32,8.96,APPL
31/3/2019,45.6,5.74,7.94,APPL
31/12/2018,37.71,6.23,6.05,APPL
30/9/2018,53.77,5.63,9.55,APPL
30/6/2018,43.94,5.93,7.4,APPL
31/3/2018,39.67,6.42,6.18,APPL
31/12/2017,39.85,6.9,5.78,APPL
30/9/2017,36.17,6.54,5.53,APPL
30/6/2017,33.66,6.4,5.26,APPL
31/3/2017,33.44,6.44,5.19,APPL
31/12/2016,26.84,6.3,4.26,APPL
30/9/2016,26.07,6.01,4.34,APPL
30/6/2016,21.92,5.87,3.74,APPL
31/3/2016,24.84,5.95,4.17,APPL
31/12/2015,23.86,5.78,4.13,APPL
30/9/2015,24.82,5.35,4.64,APPL
30/6/2015,28.19,5.51,5.12,APPL
31/3/2015,27.85,5.6,4.98,APPL
31/12/2014,24.61,5.29,4.65,APPL
30/9/2014,22.36,4.75,4.7,APPL
30/6/2014,20.53,5.05,4.07,APPL
31/3/2014,16.84,4.98,3.38,APPL
31/12/2013,17.5,5.19,3.37,APPL
30/9/2013,14.78,4.91,3.01,APPL
30/6/2013,12.22,4.85,2.52,APPL
31/3/2013,13.55,5.15,2.63,APPL
31/12/2012,16.19,4.84,3.34,APPL
30/9/2012,20.2,4.5,4.49,APPL
30/6/2012,17.61,4.26,4.14,APPL
31/3/2012,18.08,3.92,4.62,APPL
31/12/2011,12.21,3.45,3.54,APPL
30/9/2011,11.5,2.94,3.91,APPL
30/6/2011,10.12,2.67,3.79,APPL
31/3/2011,10.51,2.37,4.43,APPL
31/12/2010,9.73,2.12,4.59,APPL
30/9/2010,8.56,1.86,4.59,APPL
30/6/2010,7.59,1.69,4.5,APPL
31/3/2010,7.09,1.54,4.59,APPL
31/12/2009,6.36,1.41,4.51,APPL
30/9/2009,5.59,1.26,4.45,APPL
30/6/2009,4.3,1.03,4.16,APPL
31/3/2009,3.17,0.97,3.26,APPL
27/9/2024,145.49,,1.66,CVX
30/6/2024,154.7,87.63,1.77,CVX
31/3/2024,154.45,87.52,1.76,CVX
31/12/2023,144.52,86.8,1.67,CVX
30/9/2023,161.65,88.07,1.84,CVX
30/6/2023,149.44,85.31,1.75,CVX
31/12/2022,167.31,83.67,2,CVX
30/9/2022,132.9,82.55,1.61,CVX
30/6/2022,132.74,78.96,1.68,CVX
31/3/2022,148.04,74.87,1.98,CVX
31/12/2021,105.57,72.52,1.46,CVX
31/3/2023,153.45,84.7,1.81,CVX
30/9/2021,90.22,70.93,1.27,CVX
30/6/2021,91.87,69.24,1.33,CVX
31/3/2021,90.77,68.95,1.32,CVX
31/12/2020,72.15,68.94,1.05,CVX
30/9/2020,60.62,70.71,0.86,CVX
30/6/2020,74.03,71.97,1.03,CVX
31/3/2020,59.29,77.62,0.76,CVX
31/12/2019,97.47,77.15,1.26,CVX
30/9/2019,94.99,82.97,1.14,CVX
30/6/2019,98.65,82.94,1.19,CVX
31/3/2019,96.7,81.96,1.18,CVX
31/12/2018,84.55,81.79,1.03,CVX
30/9/2018,94.14,80.95,1.16,CVX
30/6/2018,96.41,80.05,1.2,CVX
31/3/2018,86.22,79.31,1.09,CVX
31/12/2017,93.72,78.39,1.2,CVX
30/9/2017,87.14,77.87,1.12,CVX
30/6/2017,76.6,77.78,0.98,CVX
31/3/2017,78.02,78.01,1,CVX
31/12/2016,84.72,77.57,1.09,CVX
30/9/2016,73.35,78.37,0.94,CVX
30/6/2016,73.93,78.62,0.94,CVX
31/3/2016,66.58,80.37,0.83,CVX
31/12/2015,62,81.73,0.76,CVX
30/9/2015,53.73,82.86,0.65,CVX
30/6/2015,64.88,82.84,0.78,CVX
31/3/2015,69.91,83.49,0.84,CVX
31/12/2014,73.99,83.1,0.89,CVX
30/9/2014,77.99,83.21,0.94,CVX
30/6/2014,84.61,81.49,1.04,CVX
31/3/2014,76.4,79.75,0.96,CVX
31/12/2013,79.55,78.61,1.01,CVX
30/9/2013,76.73,75.95,1.01,CVX
30/6/2013,74.12,74.62,0.99,CVX
31/3/2013,73.82,72.97,1.01,CVX
31/12/2012,66.67,70.8,0.94,CVX
30/9/2012,71.23,68.58,1.04,CVX
30/6/2012,63.96,66.91,0.96,CVX
31/3/2012,64.42,64.02,1.01,CVX
31/12/2011,63.44,61.67,1.03,CVX
30/9/2011,54.77,61.1,0.9,CVX
30/6/2011,60.35,58.13,1.04,CVX
31/3/2011,62.6,55.14,1.14,CVX
31/12/2010,52.75,52.71,1,CVX
30/9/2010,46.44,51.16,0.91,CVX
30/6/2010,38.53,49.88,0.77,CVX
31/3/2010,42.66,47.82,0.89,CVX
31/12/2009,42.9,46.1,0.93,CVX
30/9/2009,38.91,45.47,0.86,CVX
30/6/2009,36.23,44.12,0.82,CVX
31/3/2009,36.41,43.81,0.83,CVX
27/9/2024,498.51,,1.32,GS
30/6/2024,449.68,377.85,1.19,GS
31/3/2024,415.25,365.87,1.13,GS
31/12/2023,380.85,361.51,1.05,GS
30/9/2023,316.88,359.08,0.88,GS
30/6/2023,313.25,352.14,0.89,GS
31/12/2022,328.57,349.9,0.94,GS
30/9/2022,278.6,351.78,0.79,GS
30/6/2022,280.27,344.69,0.81,GS
31/3/2022,309.59,335.59,0.92,GS
31/12/2021,356.61,329.54,1.08,GS
31/3/2023,315.26,353,0.89,GS
30/9/2021,350.53,317.5,1.1,GS
30/6/2021,350.23,302.1,1.16,GS
31/3/2021,300.75,287.23,1.05,GS
31/12/2020,241.62,278.8,0.87,GS
30/9/2020,183.15,269.28,0.68,GS
30/6/2020,179.01,261.76,0.68,GS
31/3/2020,139.14,268.66,0.52,GS
31/12/2019,205.68,259.87,0.79,GS
30/9/2019,184.33,257.37,0.72,GS
30/6/2019,180.88,252.1,0.72,GS
31/3/2019,168.97,246.13,0.69,GS
31/12/2018,146.43,245.24,0.6,GS
30/9/2018,196.56,232.77,0.84,GS
30/6/2018,192.7,229.17,0.84,GS
31/3/2018,219.27,221.28,0.99,GS
31/12/2017,221.16,219.43,1.01,GS
30/9/2017,205.27,227.62,0.9,GS
30/6/2017,191.39,223.27,0.86,GS
31/3/2017,197.45,220.16,0.9,GS
31/12/2016,205.28,221.31,0.93,GS
30/9/2016,137.83,218.2,0.63,GS
30/6/2016,126.5,212.78,0.59,GS
31/12/2015,152.17,206.75,0.74,GS
30/9/2015,146.2,204.96,0.71,GS
30/6/2015,175.07,202.54,0.86,GS
31/3/2015,157.12,197.01,0.8,GS
31/12/2014,161.52,192.44,0.84,GS
31/3/2016,133.11,207.96,0.64,GS
30/9/2014,152.48,188.82,0.81,GS
30/6/2014,138.66,185.21,0.75,GS
31/3/2014,135.22,176.55,0.77,GS
31/12/2013,145.8,175.79,0.83,GS
30/9/2013,129.7,175.8,0.74,GS
30/6/2013,123.59,173.24,0.71,GS
31/3/2013,119.87,167.6,0.72,GS
31/12/2012,103.56,162.78,0.64,GS
30/9/2012,91.91,156.3,0.59,GS
30/6/2012,77.16,151.47,0.51,GS
31/3/2012,99.64,144.7,0.69,GS
31/12/2011,72.24,144.97,0.5,GS
30/9/2011,75.23,142.28,0.53,GS
30/6/2011,105.57,142.47,0.74,GS
31/3/2011,125.49,139.92,0.9,GS
31/12/2010,132.77,152.42,0.87,GS
30/9/2010,113.9,147.91,0.77,GS
30/6/2010,103.15,143.2,0.72,GS
31/3/2010,133.76,141.86,0.94,GS
31/12/2009,132.06,137.28,0.96,GS
30/9/2009,143.89,127.38,1.13,GS
30/6/2009,114.84,122.99,0.93,GS
31/3/2009,82.37,137.48,0.6,GS
27/9/2024,161.4,,5.43,JNJ
30/6/2024,145.06,29.72,4.88,JNJ
31/3/2024,155.72,29.09,5.35,JNJ
31/12/2023,153.13,28.57,5.36,JNJ
30/9/2023,150.96,29.59,5.1,JNJ
30/6/2023,159.29,29.41,5.42,JNJ
31/3/2023,148.04,27.27,5.43,JNJ
31/12/2022,167.54,29.39,5.7,JNJ
30/9/2022,153.95,28.51,5.4,JNJ
30/6/2022,166.16,29.04,5.72,JNJ
31/3/2022,164.86,28.41,5.8,JNJ
31/12/2021,158.11,28.16,5.62,JNJ
30/9/2021,148.28,26.69,5.55,JNJ
30/6/2021,150.36,26.44,5.69,JNJ
31/3/2021,149.07,25.01,5.96,JNJ
31/12/2020,141.87,24.04,5.9,JNJ
30/9/2020,133.27,24.49,5.44,JNJ
30/6/2020,125.05,23.92,5.23,JNJ
31/3/2020,115.8,23.28,4.97,JNJ
31/12/2019,127.98,22.59,5.67,JNJ
30/9/2019,112.73,22.13,5.1,JNJ
30/6/2019,121.36,23.01,5.27,JNJ
31/3/2019,120.97,22.2,5.45,JNJ
31/12/2018,110.95,22.44,4.94,JNJ
30/9/2018,118.03,24.09,4.9,JNJ
30/6/2018,102.97,23.45,4.39,JNJ
31/3/2018,107.95,23.58,4.58,JNJ
31/12/2017,116.95,22.43,5.21,JNJ
30/9/2017,108.17,27.55,3.93,JNJ
30/6/2017,109.37,26.78,4.08,JNJ
31/3/2017,102.29,26.1,3.92,JNJ
31/12/2016,94.01,26.02,3.61,JNJ
30/9/2016,95.73,26.73,3.58,JNJ
30/6/2016,97.65,26.47,3.69,JNJ
31/3/2016,86.49,26.4,3.28,JNJ
31/12/2015,81.52,25.82,3.16,JNJ
30/9/2015,73.54,25.86,2.84,JNJ
30/6/2015,76.18,25.69,2.97,JNJ
31/3/2015,78.07,24.45,3.19,JNJ
31/12/2014,80.59,25.06,3.22,JNJ
30/9/2014,81.61,27.31,2.99,JNJ
30/6/2014,79.56,27.65,2.88,JNJ
31/3/2014,74.19,27.08,2.74,JNJ
31/12/2013,68.68,26.25,2.62,JNJ
30/9/2013,64.56,24.75,2.61,JNJ
30/6/2013,63.47,24.75,2.56,JNJ
31/3/2013,59.81,23.85,2.51,JNJ
31/12/2012,51.02,23.33,2.19,JNJ
30/9/2012,49.72,23.08,2.15,JNJ
30/6/2012,48.31,21.97,2.2,JNJ
31/3/2012,46.71,22.35,2.09,JNJ
31/12/2011,46.04,20.95,2.2,JNJ
30/9/2011,44.3,22.52,1.97,JNJ
30/6/2011,45.86,22.67,2.02,JNJ
31/3/2011,40.49,21.86,1.85,JNJ
31/12/2010,41.89,20.66,2.03,JNJ
30/9/2010,41.61,20.85,2,JNJ
30/6/2010,39.29,19.19,2.05,JNJ
31/3/2010,42.98,19.19,2.24,JNJ
31/12/2009,42.14,18.37,2.29,JNJ
30/9/2009,39.52,18.27,2.16,JNJ
30/6/2009,36.58,16.79,2.18,JNJ
31/3/2009,33.57,15.87,2.12,JNJ
27/9/2024,210.5,,1.76,JPM
30/6/2024,201.13,119.7,1.68,JPM
31/3/2024,198.02,117.23,1.69,JPM
31/12/2023,167.14,113.98,1.47,JPM
30/9/2023,141.46,109.78,1.29,JPM
30/6/2023,140.89,107.54,1.31,JPM
31/3/2023,125.25,103.71,1.21,JPM
31/12/2022,127.95,99.63,1.28,JPM
30/9/2022,98.81,98.19,1.01,JPM
30/6/2022,105.54,97.57,1.08,JPM
31/3/2022,126.82,97.34,1.3,JPM
31/12/2021,146.42,99.9,1.47,JPM
30/9/2021,150.46,98.14,1.53,JPM
30/6/2021,142.15,95.84,1.48,JPM
31/3/2021,138.31,92.73,1.49,JPM
31/12/2020,114.63,91.61,1.25,JPM
30/9/2020,86.07,88.94,0.97,JPM
30/6/2020,83.28,86.78,0.96,JPM
31/3/2020,78.87,85.74,0.92,JPM
31/12/2019,121.33,84.74,1.43,JPM
30/9/2019,101.62,84.28,1.21,JPM
30/6/2019,95.85,82.32,1.16,JPM
31/3/2019,86.14,80.1,1.08,JPM
31/12/2018,82.39,78.31,1.05,JPM
30/9/2018,94.57,77.87,1.21,JPM
30/6/2018,86.86,76.6,1.13,JPM
31/3/2018,91.22,75.25,1.21,JPM
31/12/2017,88.25,74.65,1.18,JPM
30/9/2017,78.37,74.47,1.05,JPM
30/6/2017,74.59,73.45,1.02,JPM
31/3/2017,71.28,72.02,0.99,JPM
31/12/2016,69.64,71.38,0.98,JPM
30/9/2016,53.35,71.08,0.75,JPM
30/6/2016,49.4,69.88,0.71,JPM
31/3/2016,46.73,68.41,0.68,JPM
31/12/2015,51.75,67.58,0.77,JPM
30/9/2015,47.44,66.75,0.71,JPM
30/6/2015,52.38,65.22,0.8,JPM
31/3/2015,46.52,63.56,0.73,JPM
31/12/2014,47.75,62.38,0.77,JPM
30/9/2014,45.66,61.87,0.74,JPM
30/6/2014,43.37,60.44,0.72,JPM
31/12/2013,43.46,56.22,0.77,JPM
30/9/2013,38.14,54.98,0.69,JPM
30/6/2013,38.67,55.52,0.7,JPM
31/3/2013,34.54,54.64,0.63,JPM
31/12/2012,31.79,53.65,0.59,JPM
31/3/2014,45.41,58.04,0.78,JPM
30/9/2012,29.05,52.56,0.55,JPM
30/6/2012,25.43,50.46,0.5,JPM
31/3/2012,32.51,49.52,0.66,JPM
31/12/2011,23.34,48.66,0.48,JPM
30/9/2011,20.97,47.98,0.44,JPM
30/6/2011,28.34,46.77,0.61,JPM
31/3/2011,31.74,45.3,0.7,JPM
31/12/2010,29.17,45.04,0.65,JPM
30/9/2010,26.14,44.28,0.59,JPM
30/6/2010,25.11,43.04,0.58,JPM
31/3/2010,30.62,41.44,0.74,JPM
31/12/2009,28.48,41.95,0.68,JPM
30/9/2009,29.95,41.19,0.73,JPM
30/6/2009,23.28,39.44,0.59,JPM
31/3/2009,18.11,45.29,0.4,JPM
27/9/2024,428.02,,11.85,MSFT
30/6/2024,446.16,36.11,12.35,MSFT
31/3/2024,419.23,34.06,12.31,MSFT
31/12/2023,374.02,32.06,11.67,MSFT
30/9/2023,313.42,29.7,10.55,MSFT
30/6/2023,337.31,27.75,12.16,MSFT
31/3/2023,284.95,26.18,10.89,MSFT
31/12/2022,236.44,24.59,9.61,MSFT
30/9/2022,228.97,23.28,9.84,MSFT
30/6/2022,251.96,22.31,11.29,MSFT
31/3/2022,301.73,21.77,13.86,MSFT
31/12/2021,328.46,21.33,15.4,MSFT
30/9/2021,274.83,20.24,13.58,MSFT
30/6/2021,263.58,18.88,13.96,MSFT
31/3/2021,228.87,17.85,12.82,MSFT
31/12/2020,215.42,17.26,12.48,MSFT
30/6/2020,196.1,15.63,12.55,MSFT
31/3/2020,151.55,15.09,10.05,MSFT
31/12/2019,151.13,14.47,10.45,MSFT
30/9/2019,132.79,13.89,9.56,MSFT
30/6/2019,127.95,13.39,9.56,MSFT
30/9/2020,203.17,16.31,12.45,MSFT
31/3/2019,112.23,12.37,9.07,MSFT
31/12/2018,96.24,11.99,8.03,MSFT
30/9/2018,107.9,11.19,9.64,MSFT
30/6/2018,92.67,10.77,8.6,MSFT
31/3/2018,85.4,10.3,8.29,MSFT
31/12/2017,79.67,10.17,7.83,MSFT
30/9/2017,69.03,11.61,5.94,MSFT
30/6/2017,63.54,11.38,5.58,MSFT
31/3/2017,60.37,9.03,6.69,MSFT
31/12/2016,56.62,8.9,6.36,MSFT
30/9/2016,52.14,9.04,5.77,MSFT
30/6/2016,46.03,9.22,4.99,MSFT
31/3/2016,49.33,9.51,5.19,MSFT
31/12/2015,49.21,9.69,5.08,MSFT
30/9/2015,38.94,9.7,4.02,MSFT
30/6/2015,38.64,9.98,3.87,MSFT
31/3/2015,35.35,11.11,3.18,MSFT
31/12/2014,40.1,11.18,3.59,MSFT
30/9/2014,39.77,10.92,3.64,MSFT
30/6/2014,35.56,10.9,3.26,MSFT
31/3/2014,34.71,10.58,3.28,MSFT
31/12/2013,31.44,10.25,3.07,MSFT
30/9/2013,27.76,9.78,2.84,MSFT
30/6/2013,28.61,9.48,3.02,MSFT
31/3/2013,23.53,9.19,2.56,MSFT
31/12/2012,21.79,8.67,2.51,MSFT
30/9/2012,24.08,8.17,2.95,MSFT
30/6/2012,24.58,7.92,3.1,MSFT
31/3/2012,25.75,8.17,3.15,MSFT
31/12/2011,20.59,7.65,2.69,MSFT
30/9/2011,19.6,7.06,2.77,MSFT
30/6/2011,20.34,6.82,2.98,MSFT
31/3/2011,19.73,6.34,3.11,MSFT
31/12/2010,21.57,5.77,3.74,MSFT
30/9/2010,18.81,5.48,3.43,MSFT
30/6/2010,17.58,5.33,3.3,MSFT
31/3/2010,22.27,5.22,4.27,MSFT
31/12/2009,23.07,5.03,4.59,MSFT
30/9/2009,19.39,4.63,4.19,MSFT
30/6/2009,17.82,4.44,4.01,MSFT
31/3/2009,13.68,4.15,3.3,MSFT
27/9/2024,29.09,,1.87,PFE
30/6/2024,27.6,15.52,1.78,PFE
31/3/2024,26.97,16.33,1.65,PFE
31/12/2023,27.56,15.81,1.74,PFE
30/9/2023,31.32,17.22,1.82,PFE
30/6/2023,34.25,17.59,1.95,PFE
31/3/2023,37.69,17.93,2.1,PFE
31/12/2022,46.9,17.08,2.75,PFE
30/9/2022,39.71,16.55,2.4,PFE
30/6/2022,47.2,15.64,3.02,PFE
31/3/2022,46.24,14.79,3.13,PFE
31/12/2021,52.35,13.78,3.8,PFE
30/9/2021,37.8,13.54,2.79,PFE
30/6/2021,34.1,12.56,2.72,PFE
31/3/2021,31.24,12.31,2.54,PFE
31/12/2020,31.4,11.4,2.75,PFE
30/9/2020,29.38,11.79,2.49,PFE
30/6/2020,25.92,11.62,2.23,PFE
31/3/2020,25.61,11.77,2.18,PFE
31/12/2019,30.43,11.46,2.65,PFE
30/9/2019,27.64,11.82,2.34,PFE
30/6/2019,33.01,10.77,3.06,PFE
31/3/2019,32.08,10.65,3.01,PFE
31/12/2018,32.69,11.15,2.93,PFE
30/9/2018,32.75,12.4,2.64,PFE
30/6/2018,26.73,11.96,2.23,PFE
31/3/2018,25.9,12.06,2.15,PFE
31/12/2017,26.19,11.98,2.19,PFE
30/9/2017,25.58,10.25,2.5,PFE
30/6/2017,23.84,9.87,2.42,PFE
31/12/2016,22.6,9.86,2.29,PFE
30/9/2016,23.34,10.48,2.23,PFE
30/6/2016,24.05,10.4,2.31,PFE
31/3/2016,20.07,10.44,1.92,PFE
31/12/2015,21.64,10.53,2.06,PFE
30/9/2015,20.88,10.87,1.92,PFE
30/6/2015,22.12,10.89,2.03,PFE
31/3/2015,22.76,10.98,2.07,PFE
31/12/2014,20.2,11.38,1.77,PFE
30/9/2014,19.01,12.43,1.53,PFE
30/6/2014,18.92,12.14,1.56,PFE
31/3/2014,20.29,12.24,1.66,PFE
31/12/2013,19.18,11.97,1.6,PFE
30/9/2013,17.85,12.09,1.48,PFE
30/6/2013,17.27,11.93,1.45,PFE
31/3/2013,17.64,11.68,1.51,PFE
31/12/2012,15.2,11.23,1.35,PFE
30/9/2012,14.92,11.15,1.34,PFE
30/6/2012,13.69,10.71,1.28,PFE
31/3/2012,13.35,11.17,1.19,PFE
31/12/2011,12.62,10.91,1.16,PFE
30/9/2011,10.21,11.78,0.87,PFE
30/6/2011,11.77,11.4,1.03,PFE
31/3/2011,11.49,11.46,1,PFE
31/12/2010,9.8,11.02,0.89,PFE
30/9/2010,9.51,10.99,0.87,PFE
30/6/2010,7.82,10.81,0.72,PFE
31/3/2010,9.3,11.17,0.83,PFE
31/12/2009,9.77,11.21,0.87,PFE
30/9/2009,8.81,8.21,1.07,PFE
30/6/2009,7.9,9.37,0.84,PFE
31/3/2009,7.09,8.96,0.79,PFE
31/3/2017,24.05,9.84,2.44,PFE
27/9/2024,173.55,,8.09,PG
30/6/2024,163.94,21.45,7.64,PG
31/3/2024,160.26,21.33,7.51,PG
31/12/2023,143.83,20.75,6.93,PG
30/9/2023,142.26,20.37,6.98,PG
30/6/2023,147.07,19.93,7.38,PG
31/3/2023,143.22,19.27,7.43,PG
31/12/2022,145.06,18.96,7.65,PG
30/9/2022,119.97,18.71,6.41,PG
30/6/2022,135.76,19.57,6.94,PG
31/3/2022,143.46,19.07,7.52,PG
31/12/2021,152.76,18.73,8.16,PG
30/9/2021,129.74,19.18,6.77,PG
30/6/2021,124.44,19.2,6.48,PG
31/3/2021,124.1,19.16,6.48,PG
31/12/2020,126.73,19.71,6.43,PG
30/9/2020,125.89,19.59,6.43,PG
30/6/2020,107.63,18.9,5.69,PG
31/3/2020,98.36,18.56,5.3,PG
31/12/2019,111.02,18.59,5.97,PG
30/9/2019,109.86,18.84,5.83,PG
30/6/2019,96.23,19,5.07,PG
31/3/2019,90.67,22.15,4.09,PG
31/12/2018,79.47,21.76,3.65,PG
30/9/2018,71.32,21.07,3.38,PG
30/6/2018,66.29,21.17,3.13,PG
31/3/2018,66.69,21.85,3.05,PG
31/12/2017,76.7,21.71,3.53,PG
30/9/2017,75.38,21.84,3.45,PG
30/6/2017,71.65,21.85,3.28,PG
31/3/2017,73.3,21.32,3.44,PG
31/12/2016,68.06,21.03,3.24,PG
30/9/2016,72.08,22.03,3.27,PG
30/6/2016,67.47,21.73,3.1,PG
31/3/2016,65.06,22.48,2.89,PG
31/12/2015,62.23,23.03,2.7,PG
30/9/2015,55.87,23.14,2.41,PG
30/6/2015,60.27,23.23,2.59,PG
31/3/2015,62.61,23.36,2.68,PG
31/12/2014,69.11,24,2.88,PG
30/9/2014,63.05,24.73,2.55,PG
30/6/2014,58.7,25.81,2.27,PG
31/3/2014,59.73,25.88,2.31,PG
31/12/2013,59.87,25.87,2.31,PG
30/9/2013,55.17,25.32,2.18,PG
30/6/2013,55.77,25.06,2.23,PG
31/3/2013,55.39,24.79,2.23,PG
31/12/2012,48.41,24.65,1.96,PG
30/9/2012,49.06,23.75,2.07,PG
30/6/2012,42.95,23.3,1.84,PG
31/3/2012,46.74,24.05,1.94,PG
31/12/2011,46.02,23.56,1.95,PG
30/9/2011,43.24,23.86,1.81,PG
30/6/2011,43.15,24.59,1.75,PG
31/3/2011,41.47,24.16,1.72,PG
31/12/2010,42.99,23.1,1.86,PG
30/9/2010,39.78,22.58,1.76,PG
30/6/2010,39.47,21.61,1.83,PG
31/3/2010,41.32,23.19,1.78,PG
31/12/2009,39.31,23.73,1.66,PG
30/9/2009,37.27,22.94,1.62,PG
30/6/2009,32.62,21.73,1.5,PG
31/3/2009,29.8,20.85,1.43,PG
27/9/2024,115.82,,1.86,XOM
30/6/2024,114.21,62.18,1.84,XOM
31/3/2024,114.39,54.03,2.12,XOM
31/12/2023,97.48,53.52,1.82,XOM
30/9/2023,113.6,52.37,2.17,XOM
30/6/2023,102.76,51.71,1.99,XOM
31/3/2023,104.16,51.05,2.04,XOM
31/12/2022,103.97,49.6,2.1,XOM
30/9/2022,81.64,46.88,1.74,XOM
30/6/2022,79.33,44.27,1.79,XOM
31/3/2022,75.74,41.9,1.81,XOM
31/12/2021,55.49,41.44,1.34,XOM
30/9/2021,52.62,39.56,1.33,XOM
30/6/2021,55.59,39.1,1.42,XOM
31/3/2021,48.5,38.76,1.25,XOM
31/12/2020,35.2,38.77,0.91,XOM
30/9/2020,28.64,43.66,0.66,XOM
30/6/2020,36.59,44.27,0.83,XOM
31/3/2020,30.47,44.64,0.68,XOM
31/12/2019,55.19,47,1.17,XOM
30/9/2019,55.17,46.59,1.18,XOM
30/6/2019,59.13,46.91,1.26,XOM
31/3/2019,61.65,46.8,1.32,XOM
31/12/2018,51.46,46.86,1.1,XOM
30/9/2018,63.51,46.49,1.37,XOM
30/6/2018,61.17,45.71,1.34,XOM
31/3/2018,54.61,46.03,1.19,XOM
31/12/2017,60.61,45.88,1.32,XOM
30/9/2017,58.86,44.65,1.32,XOM
30/6/2017,57.4,43.86,1.31,XOM
31/3/2017,57.77,43.37,1.33,XOM
31/12/2016,63,41.91,1.5,XOM
30/9/2016,60.39,42.68,1.41,XOM
30/6/2016,64.3,42.65,1.51,XOM
31/3/2016,56.86,43.04,1.32,XOM
31/12/2015,52.54,42.54,1.24,XOM
30/9/2015,49.67,42.48,1.17,XOM
30/6/2015,55.07,42.94,1.28,XOM
31/3/2015,55.79,42.44,1.31,XOM
31/12/2014,60.23,43.1,1.4,XOM
30/9/2014,60.83,44.27,1.37,XOM
30/6/2014,64.67,44.11,1.47,XOM
31/3/2014,62.32,42.59,1.46,XOM
31/12/2013,64.12,41.64,1.54,XOM
30/9/2013,54.14,40.16,1.35,XOM
30/6/2013,56.46,38.98,1.45,XOM
31/3/2013,55.92,38.93,1.44,XOM
31/12/2012,53.37,38.13,1.4,XOM
30/9/2012,56.03,37.8,1.48,XOM
30/6/2012,52.09,36.39,1.43,XOM
31/3/2012,52.44,35.1,1.49,XOM
31/12/2011,50.96,33.96,1.5,XOM
30/9/2011,43.41,33.84,1.28,XOM
30/6/2011,48.31,33.29,1.45,XOM
31/3/2011,49.66,31.98,1.55,XOM
31/12/2010,42.93,30.66,1.4,XOM
30/9/2010,36.05,29.86,1.21,XOM
30/6/2010,33.06,28.55,1.16,XOM
31/3/2010,38.54,25.05,1.54,XOM
31/12/2009,38.98,24.41,1.6,XOM
30/9/2009,38.99,23.62,1.65,XOM
30/6/2009,39.49,23.13,1.71,XOM
31/3/2009,38.23,22.82,1.68,XOM
3/10/2024,167.21,,6.85,GOOG
30/6/2024,183.18,24.41,7.5,GOOG
31/12/2023,140.58,22.74,6.18,GOOG
30/9/2023,131.53,21.78,6.04,GOOG
30/6/2023,120.67,21.15,5.7,GOOG
31/3/2023,103.74,20.51,5.06,GOOG
31/12/2022,88.51,19.93,4.44,GOOG
31/3/2024,151.88,23.65,6.42,GOOG
30/9/2022,95.91,19.55,4.91,GOOG
30/6/2022,109.1,19.53,5.59,GOOG
31/3/2022,139.31,19.28,7.23,GOOG
31/12/2021,144.32,19,7.59,GOOG
30/9/2021,132.94,18.4,7.23,GOOG
30/6/2021,125.01,17.79,7.03,GOOG
31/3/2021,103.18,17.14,6.02,GOOG
31/12/2020,87.38,16.48,5.3,GOOG
30/9/2020,73.3,15.71,4.67,GOOG
30/6/2020,70.51,15.22,4.63,GOOG
31/3/2020,58,14.89,3.9,GOOG
31/12/2019,66.69,14.63,4.56,GOOG
30/9/2019,60.8,14.11,4.31,GOOG
30/6/2019,53.91,13.85,3.89,GOOG
31/3/2019,58.52,13.2,4.43,GOOG
31/12/2018,51.65,12.77,4.05,GOOG
30/9/2018,59.53,12.2,4.88,GOOG
30/6/2018,55.65,11.64,4.78,GOOG
31/3/2018,51.46,11.57,4.45,GOOG
31/12/2017,52.19,10.97,4.76,GOOG
30/9/2017,47.84,11.31,4.23,GOOG
30/6/2017,45.32,10.7,4.24,GOOG
31/12/2016,38.5,10.06,3.83,GOOG
30/9/2016,38.77,9.73,3.98,GOOG
30/6/2016,34.52,9.31,3.71,GOOG
31/3/2016,37.16,9,4.13,GOOG
31/12/2015,37.85,8.75,4.32,GOOG
31/3/2017,41.38,10.47,3.95,GOOG
30/9/2015,30.35,8.45,3.59,GOOG
30/6/2015,25.96,8.15,3.18,GOOG
31/3/2015,27.33,7.95,3.44,GOOG
31/12/2014,26.26,7.63,3.44,GOOG
30/9/2014,28.8,7.28,3.95,GOOG
30/6/2014,28.69,7.08,4.05,GOOG
31/3/2014,27.78,6.8,4.09,GOOG
